Date,Current Temperature,HI,LO,Comments
tal,,,,{(Akoit
ta,,,,TRUSS Ze} Dream boat up enaydy)
mi,,,,el peace torn fe
ra,,,,(Afond SS TCCC™~—SY
fa,,,,[Abid Den for or gly or
Sy,,,75,(AS! out of Ber med
fa,,,,lavaod —S
oa,,,,lAnso’ ss C—C‘C;~;~;CS;™”™”™SCS
mS,,,,[Ais TS
ra,,,,ies CSS
ra,,,,Wind
ra,,,,Aigo ——SSC
ra,,,,Aart SCS
rai,,,,Bake cuworklbe
ra,,,,ai °°
EI,,,,Caf
lal,,,,KGa
ra,,,,RS SS
fy,,,,Lei
fEl,,,057,Mion
3,,,,larsho CS
re,,,,Kad
ra,,,,Kf
fa,,,,tai
fa,,,,tial
fa,,,,0
fF,,,,Ai
Fa,,,,Mh
fa,,,,Rep °° °° —
f,,,,LE
fa,,,,Kad
cm,,,,Ciad
